conditionId	conditionName	A	B	C
c_0	c_0	0.75	1.35	0.8999999999999999
c_1	c_1	1.5	1.2000000000000002	0.29999999999999993
c_2	c_2	2.25	0.30000000000000004	0.44999999999999996
c_3	c_3	1.2000000000000002	0.75	1.0499999999999998
c_4	c_4	0.75	1.5	0.75
c_5	c_5	0.44999999999999996	2.25	0.29999999999999993
